,Id,UID,UTC,UTCMilliseconds,PCLocalTime,PCTime,ChannelBitmap,SequenceBitmap,UpdateOf,Source,encounterCount,sightingNum,classifiedAs,FREQMAX,FREQMIN,DURATION,FREQBEG,FREQEND,FREQRANGE,DCMEAN,DCSTDDEV,FREQMEAN,FREQSTDDEV,FREQMEDIAN,FREQCENTER,FREQRELBW,FREQMAXMINRATIO,FREQBEGENDRATIO,FREQQUARTER1,FREQQUARTER2,FREQQUARTER3,FREQSPREAD,DCQUARTER1MEAN,DCQUARTER2MEAN,DCQUARTER3MEAN,DCQUARTER4MEAN,FREQCOFM,FREQSTEPUP,FREQSTEPDOWN,FREQNUMSTEPS,FREQSLOPEMEAN,FREQABSSLOPEMEAN,FREQPOSSLOPEMEAN,FREQNEGSLOPEMEAN,FREQSLOPERATIO,FREQBEGSWEEP,FREQBEGUP,FREQBEGDWN,FREQENDSWEEP,OVERLAP,FREQENDUP,FREQENDDWN,NUMSWEEPSUPDWN,NUMSWEEPSDWNUP,NUMSWEEPSUPFLAT,NUMSWEEPSDWNFLAT,NUMSWEEPSFLATUP,NUMSWEEPSFLATDWN,FREQSWEEPUPPERCENT,FREQSWEEPDWNPERCENT,FREQSWEEPFLATPERCENT,NUMINFLECTIONS,INFLMAXDELTA,INFLMINDELTA,INFLMAXMINDELTA,INFLMEANDELTA,INFLSTDDEVDELTA,INFLMEDIANDELTA,INFLDUR,STEPDUR,FREQPEAK,BW3DB,BW3DBLOW,BW3DBHIGH,BW10DB,BW10DBLOW,BW10DBHIGH,RMSSIGNAL,RMSNOISE,SNR,NCROSSINGS,SWEEPRATE,MEANTIMEZC,MEDIANTIMEZC,VARIANCETIMEZC,WHALETRAIN,CLICKTYPE,ICI,OFFLINEEVENTID,LATITUDE,LONGITUDE,Filename
0,2,22154,2010-09-27 12:16:17.868,868,2010-09-27 13:16:17.868,2024-03-07 12:34:53.890,0,,0,I:\ROCCAwmd\Dde\HF_20100927_121611\HF_20100927_121611_0.csv                                                                     ,0,AutoEvent1          ,NoClassifier        ,0.0,0.0,9.375e-05,0.0,0.0,0.0,0.0,0.0,0.0,0.0,0.0,25098.31526798696,0.0,0.0,0.0,0.0,0.0,0.0,0.0,0.0,0.0,0.0,0.0,0.0,0.0,0.0,0.0,0.0,0.0,0.0,0.0,0.0,0.0,0.0,0.0,0.0,0,0.0,0.0,0.0,0.0,0.0,0.0,0.0,0.0,0.0,0.0,0.0,0.0,0.0,0.0,0.0,0.0,0.0,0.0,0.0,0.0,25500.0,10500.0,19500.0,30000.0,19500.0,13500.0,33000.0,-63.94000016678143,-81.37853646709806,17.438536300316628,5.0,-112.5915275936773,0.019427731989132002,0.02027072590650436,7.60144193553712e-06,0.0,1.0,-1.0,0.0,0.0,0.0,I:\ROCCAwmd\Dde\HF_20100927_121611\HF_20100927_121611_0.csv                                                                     
1,3,22155,2010-09-27 12:16:17.946,946,2010-09-27 13:16:17.946,2024-03-07 12:34:53.899,0,,0,I:\ROCCAwmd\Dde\HF_20100927_121611\HF_20100927_121611_0.csv                                                                     ,0,AutoEvent1          ,NoClassifier        ,0.0,0.0,8.854166666666667e-05,0.0,0.0,0.0,0.0,0.0,0.0,0.0,0.0,24991.564440111688,0.0,0.0,0.0,0.0,0.0,0.0,0.0,0.0,0.0,0.0,0.0,0.0,0.0,0.0,0.0,0.0,0.0,0.0,0.0,0.0,0.0,0.0,0.0,0.0,0,0.0,0.0,0.0,0.0,0.0,0.0,0.0,0.0,0.0,0.0,0.0,0.0,0.0,0.0,0.0,0.0,0.0,0.0,0.0,0.0,25500.0,10500.0,19500.0,30000.0,22500.0,13500.0,36000.0,-65.04188470234668,-81.37853646709806,16.33665176475138,4.0,-34.27170392765958,0.01911829590975254,0.018822815191581615,1.9147658084435275e-06,0.0,1.0,-1.0,0.0,0.0,0.0,I:\ROCCAwmd\Dde\HF_20100927_121611\HF_20100927_121611_0.csv                                                                     
2,4,22156,2010-09-27 12:16:18.042,42,2010-09-27 13:16:18.042,2024-03-07 12:34:53.919,0,,0,I:\ROCCAwmd\Dde\HF_20100927_121611\HF_20100927_121611_0.csv                                                                     ,0,AutoEvent1          ,NoClassifier        ,0.0,0.0,8.333333333333333e-05,0.0,0.0,0.0,0.0,0.0,0.0,0.0,0.0,25281.51429972451,0.0,0.0,0.0,0.0,0.0,0.0,0.0,0.0,0.0,0.0,0.0,0.0,0.0,0.0,0.0,0.0,0.0,0.0,0.0,0.0,0.0,0.0,0.0,0.0,0,0.0,0.0,0.0,0.0,0.0,0.0,0.0,0.0,0.0,0.0,0.0,0.0,0.0,0.0,0.0,0.0,0.0,0.0,0.0,0.0,27000.0,10500.0,19500.0,30000.0,21000.0,13500.0,34500.0,-64.73865356323286,-81.37853646709806,16.6398829038652,4.0,-149.54122748917118,0.019386463007023392,0.020756853821253956,5.785790452968009e-06,0.0,1.0,-1.0,0.0,0.0,0.0,I:\ROCCAwmd\Dde\HF_20100927_121611\HF_20100927_121611_0.csv                                                                     
3,5,22157,2010-09-27 12:16:18.111,111,2010-09-27 13:16:18.111,2024-03-07 12:34:53.930,0,,0,I:\ROCCAwmd\Dde\HF_20100927_121611\HF_20100927_121611_0.csv                                                                     ,0,AutoEvent1          ,NoClassifier        ,0.0,0.0,8.854166666666667e-05,0.0,0.0,0.0,0.0,0.0,0.0,0.0,0.0,25458.198947297842,0.0,0.0,0.0,0.0,0.0,0.0,0.0,0.0,0.0,0.0,0.0,0.0,0.0,0.0,0.0,0.0,0.0,0.0,0.0,0.0,0.0,0.0,0.0,0.0,0,0.0,0.0,0.0,0.0,0.0,0.0,0.0,0.0,0.0,0.0,0.0,0.0,0.0,0.0,0.0,0.0,0.0,0.0,0.0,0.0,25500.0,9000.0,21000.0,30000.0,24000.0,13500.0,37500.0,-64.36919500833277,-81.37853646709806,17.00934145876529,4.0,-190.40488415153905,0.01915861825676314,0.020297661293328512,1.0977410567965078e-05,0.0,1.0,-1.0,0.0,0.0,0.0,I:\ROCCAwmd\Dde\HF_20100927_121611\HF_20100927_121611_0.csv                                                                     
4,6,22158,2010-09-27 12:16:18.201,201,2010-09-27 13:16:18.201,2024-03-07 12:34:53.964,0,,0,I:\ROCCAwmd\Dde\HF_20100927_121611\HF_20100927_121611_0.csv                                                                     ,0,AutoEvent1          ,NoClassifier        ,0.0,0.0,7.291666666666667e-05,0.0,0.0,0.0,0.0,0.0,0.0,0.0,0.0,25033.182381096263,0.0,0.0,0.0,0.0,0.0,0.0,0.0,0.0,0.0,0.0,0.0,0.0,0.0,0.0,0.0,0.0,0.0,0.0,0.0,0.0,0.0,0.0,0.0,0.0,0,0.0,0.0,0.0,0.0,0.0,0.0,0.0,0.0,0.0,0.0,0.0,0.0,0.0,0.0,0.0,0.0,0.0,0.0,0.0,0.0,27000.0,7500.0,22500.0,30000.0,21000.0,12000.0,33000.0,-65.29572030956045,-81.37853646709806,16.082816157537607,4.0,-154.90106672549615,0.019773400503974116,0.020666698891854313,5.946323425958765e-06,0.0,1.0,-1.0,0.0,0.0,0.0,I:\ROCCAwmd\Dde\HF_20100927_121611\HF_20100927_121611_0.csv                                                                     
5,7,22159,2010-09-27 12:16:18.377,377,2010-09-27 13:16:18.377,2024-03-07 12:34:53.967,0,,0,I:\ROCCAwmd\Dde\HF_20100927_121611\HF_20100927_121611_0.csv                                                                     ,0,AutoEvent1          ,NoClassifier        ,0.0,0.0,8.854166666666667e-05,0.0,0.0,0.0,0.0,0.0,0.0,0.0,0.0,25266.696441966058,0.0,0.0,0.0,0.0,0.0,0.0,0.0,0.0,0.0,0.0,0.0,0.0,0.0,0.0,0.0,0.0,0.0,0.0,0.0,0.0,0.0,0.0,0.0,0.0,0,0.0,0.0,0.0,0.0,0.0,0.0,0.0,0.0,0.0,0.0,0.0,0.0,0.0,0.0,0.0,0.0,0.0,0.0,0.0,0.0,25500.0,10500.0,19500.0,30000.0,24000.0,13500.0,37500.0,-65.20211753017358,-81.37853646709806,16.176418936924478,4.0,-157.17849815686645,0.01955924428733642,0.020806516617468164,7.577645232027624e-06,0.0,1.0,-1.0,0.0,0.0,0.0,I:\ROCCAwmd\Dde\HF_20100927_121611\HF_20100927_121611_0.csv                                                                     
6,8,22160,2010-09-27 12:16:24.328,328,2010-09-27 13:16:24.328,2024-03-07 12:34:54.246,0,,0,I:\ROCCAwmd\Dde\HF_20100927_121611\HF_20100927_121611_0.csv                                                                     ,0,AutoEvent1          ,NoClassifier        ,0.0,0.0,8.854166666666667e-05,0.0,0.0,0.0,0.0,0.0,0.0,0.0,0.0,24981.520127356125,0.0,0.0,0.0,0.0,0.0,0.0,0.0,0.0,0.0,0.0,0.0,0.0,0.0,0.0,0.0,0.0,0.0,0.0,0.0,0.0,0.0,0.0,0.0,0.0,0,0.0,0.0,0.0,0.0,0.0,0.0,0.0,0.0,0.0,0.0,0.0,0.0,0.0,0.0,0.0,0.0,0.0,0.0,0.0,0.0,25500.0,10500.0,19500.0,30000.0,19500.0,13500.0,33000.0,-64.48351259583639,-81.20229532067873,16.71878272484234,4.0,-163.24796450511846,0.019696800713126357,0.021062608704462155,8.233580521886535e-06,0.0,1.0,-1.0,0.0,0.0,0.0,I:\ROCCAwmd\Dde\HF_20100927_121611\HF_20100927_121611_0.csv                                                                     
7,9,22161,2010-09-27 12:16:24.488,488,2010-09-27 13:16:24.488,2024-03-07 12:34:54.255,0,,0,I:\ROCCAwmd\Dde\HF_20100927_121611\HF_20100927_121611_0.csv                                                                     ,0,AutoEvent1          ,NoClassifier        ,0.0,0.0,8.333333333333333e-05,0.0,0.0,0.0,0.0,0.0,0.0,0.0,0.0,25130.24847182072,0.0,0.0,0.0,0.0,0.0,0.0,0.0,0.0,0.0,0.0,0.0,0.0,0.0,0.0,0.0,0.0,0.0,0.0,0.0,0.0,0.0,0.0,0.0,0.0,0,0.0,0.0,0.0,0.0,0.0,0.0,0.0,0.0,0.0,0.0,0.0,0.0,0.0,0.0,0.0,0.0,0.0,0.0,0.0,0.0,25500.0,9000.0,21000.0,30000.0,19500.0,13500.0,33000.0,-65.01408978912538,-81.20229532067873,16.18820553155335,4.0,-103.06069151906857,0.020017681315869944,0.020785769988147962,4.418256524028846e-06,0.0,1.0,-1.0,0.0,0.0,0.0,I:\ROCCAwmd\Dde\HF_20100927_121611\HF_20100927_121611_0.csv                                                                     
8,10,22162,2010-09-27 12:16:24.947,947,2010-09-27 13:16:24.947,2024-03-07 12:34:54.290,0,,0,I:\ROCCAwmd\Dde\HF_20100927_121611\HF_20100927_121611_0.csv                                                                     ,0,AutoEvent1          ,NoClassifier        ,0.0,0.0,8.333333333333333e-05,0.0,0.0,0.0,0.0,0.0,0.0,0.0,0.0,25191.497290841962,0.0,0.0,0.0,0.0,0.0,0.0,0.0,0.0,0.0,0.0,0.0,0.0,0.0,0.0,0.0,0.0,0.0,0.0,0.0,0.0,0.0,0.0,0.0,0.0,0,0.0,0.0,0.0,0.0,0.0,0.0,0.0,0.0,0.0,0.0,0.0,0.0,0.0,0.0,0.0,0.0,0.0,0.0,0.0,0.0,27000.0,7500.0,22500.0,30000.0,22500.0,13500.0,36000.0,-65.93425999798967,-81.20229532067873,15.268035322689059,4.0,-130.22419950670164,0.01987794361634824,0.021103926607953828,4.978725680804342e-06,0.0,1.0,-1.0,0.0,0.0,0.0,I:\ROCCAwmd\Dde\HF_20100927_121611\HF_20100927_121611_0.csv                                                                     
9,11,22163,2010-09-27 12:16:25.220,220,2010-09-27 13:16:25.220,2024-03-07 12:34:54.306,0,,0,I:\ROCCAwmd\Dde\HF_20100927_121611\HF_20100927_121611_0.csv                                                                     ,0,AutoEvent1          ,NoClassifier        ,0.0,0.0,8.333333333333333e-05,0.0,0.0,0.0,0.0,0.0,0.0,0.0,0.0,25220.47541170329,0.0,0.0,0.0,0.0,0.0,0.0,0.0,0.0,0.0,0.0,0.0,0.0,0.0,0.0,0.0,0.0,0.0,0.0,0.0,0.0,0.0,0.0,0.0,0.0,0,0.0,0.0,0.0,0.0,0.0,0.0,0.0,0.0,0.0,0.0,0.0,0.0,0.0,0.0,0.0,0.0,0.0,0.0,0.0,0.0,27000.0,10500.0,19500.0,30000.0,19500.0,13500.0,33000.0,-64.75554846361942,-81.20229532067873,16.44674685705931,4.0,-102.62187667906181,0.020130354977061508,0.020507982207677612,6.591315730612309e-06,0.0,1.0,-1.0,0.0,0.0,0.0,I:\ROCCAwmd\Dde\HF_20100927_121611\HF_20100927_121611_0.csv                                                                     
10,12,22164,2010-09-27 12:16:25.389,389,2010-09-27 13:16:25.389,2024-03-07 12:34:54.320,0,,0,I:\ROCCAwmd\Dde\HF_20100927_121611\HF_20100927_121611_0.csv                                                                     ,0,AutoEvent1          ,NoClassifier        ,0.0,0.0,0.000109375,0.0,0.0,0.0,0.0,0.0,0.0,0.0,0.0,24858.726026643326,0.0,0.0,0.0,0.0,0.0,0.0,0.0,0.0,0.0,0.0,0.0,0.0,0.0,0.0,0.0,0.0,0.0,0.0,0.0,0.0,0.0,0.0,0.0,0.0,0,0.0,0.0,0.0,0.0,0.0,0.0,0.0,0.0,0.0,0.0,0.0,0.0,0.0,0.0,0.0,0.0,0.0,0.0,0.0,0.0,25500.0,10500.0,19500.0,30000.0,19500.0,13500.0,33000.0,-64.7957945025735,-81.20229532067873,16.40650081810523,5.0,-64.0734761133075,0.019980055297412105,0.020698279066919345,4.067001040849269e-06,0.0,1.0,-1.0,0.0,0.0,0.0,I:\ROCCAwmd\Dde\HF_20100927_121611\HF_20100927_121611_0.csv                                                                     
11,18,22170,2010-09-27 12:16:40.290,290,2010-09-27 13:16:40.290,2024-03-07 12:34:55.091,0,,0,I:\ROCCAwmd\Dde\HF_20100927_121611\HF_20100927_121611_1.csv                                                                     ,1,AutoEvent1          ,NoClassifier        ,0.0,0.0,8.333333333333333e-05,0.0,0.0,0.0,0.0,0.0,0.0,0.0,0.0,25461.60874434422,0.0,0.0,0.0,0.0,0.0,0.0,0.0,0.0,0.0,0.0,0.0,0.0,0.0,0.0,0.0,0.0,0.0,0.0,0.0,0.0,0.0,0.0,0.0,0.0,0,0.0,0.0,0.0,0.0,0.0,0.0,0.0,0.0,0.0,0.0,0.0,0.0,0.0,0.0,0.0,0.0,0.0,0.0,0.0,0.0,27000.0,9000.0,21000.0,30000.0,19500.0,13500.0,33000.0,-64.91949663675781,-82.1469944541787,17.227497817420883,4.0,-181.41430946749986,0.019637458373707808,0.02113239882949029,9.797514993240301e-06,0.0,1.0,-1.0,0.0,0.0,0.0,I:\ROCCAwmd\Dde\HF_20100927_121611\HF_20100927_121611_1.csv                                                                     
12,19,22171,2010-09-27 12:16:40.469,469,2010-09-27 13:16:40.469,2024-03-07 12:34:55.099,0,,0,I:\ROCCAwmd\Dde\HF_20100927_121611\HF_20100927_121611_1.csv                                                                     ,1,AutoEvent1          ,NoClassifier        ,0.0,0.0,8.333333333333333e-05,0.0,0.0,0.0,0.0,0.0,0.0,0.0,0.0,25322.970269128367,0.0,0.0,0.0,0.0,0.0,0.0,0.0,0.0,0.0,0.0,0.0,0.0,0.0,0.0,0.0,0.0,0.0,0.0,0.0,0.0,0.0,0.0,0.0,0.0,0,0.0,0.0,0.0,0.0,0.0,0.0,0.0,0.0,0.0,0.0,0.0,0.0,0.0,0.0,0.0,0.0,0.0,0.0,0.0,0.0,25500.0,9000.0,21000.0,30000.0,22500.0,13500.0,36000.0,-65.66931780285485,-82.1469944541787,16.477676651323847,4.0,-189.98237699847334,0.019843773300884937,0.020158331865322343,8.46415181116188e-06,0.0,1.0,-1.0,0.0,0.0,0.0,I:\ROCCAwmd\Dde\HF_20100927_121611\HF_20100927_121611_1.csv                                                                     
13,25,22177,2010-09-27 12:17:18.779,779,2010-09-27 13:17:18.779,2024-03-07 12:34:56.774,0,,0,I:\ROCCAwmd\Dde\HF_20100927_121611\HF_20100927_121611_1.csv                                                                     ,1,AutoEvent1          ,NoClassifier        ,0.0,0.0,8.854166666666667e-05,0.0,0.0,0.0,0.0,0.0,0.0,0.0,0.0,25246.235324971978,0.0,0.0,0.0,0.0,0.0,0.0,0.0,0.0,0.0,0.0,0.0,0.0,0.0,0.0,0.0,0.0,0.0,0.0,0.0,0.0,0.0,0.0,0.0,0.0,0,0.0,0.0,0.0,0.0,0.0,0.0,0.0,0.0,0.0,0.0,0.0,0.0,0.0,0.0,0.0,0.0,0.0,0.0,0.0,0.0,25500.0,9000.0,21000.0,30000.0,19500.0,13500.0,33000.0,-63.713083196849276,-81.40641057712932,17.693327380280046,4.0,-143.48269644243763,0.019783153823036612,0.020650575758717277,8.429060444892515e-06,0.0,1.0,-1.0,0.0,0.0,0.0,I:\ROCCAwmd\Dde\HF_20100927_121611\HF_20100927_121611_1.csv                                                                     
14,26,22178,2010-09-27 12:17:19.046,46,2010-09-27 13:17:19.046,2024-03-07 12:34:56.781,0,,0,I:\ROCCAwmd\Dde\HF_20100927_121611\HF_20100927_121611_1.csv                                                                     ,1,AutoEvent1          ,NoClassifier        ,0.0,0.0,4.1666666666666665e-05,0.0,0.0,0.0,0.0,0.0,0.0,0.0,0.0,30565.547201798618,0.0,0.0,0.0,0.0,0.0,0.0,0.0,0.0,0.0,0.0,0.0,0.0,0.0,0.0,0.0,0.0,0.0,0.0,0.0,0.0,0.0,0.0,0.0,0.0,0,0.0,0.0,0.0,0.0,0.0,0.0,0.0,0.0,0.0,0.0,0.0,0.0,0.0,0.0,0.0,0.0,0.0,0.0,0.0,0.0,47625.0,2625.0,46500.0,49125.0,12750.0,42375.0,55125.0,-43.2390326372399,-81.40641057712932,38.16737793988942,4.0,-1117.7004141178659,0.009442387123537867,0.009666714609138705,3.2975785481327924e-06,0.0,1.0,-1.0,0.0,0.0,0.0,I:\ROCCAwmd\Dde\HF_20100927_121611\HF_20100927_121611_1.csv                                                                     
15,27,22179,2010-09-27 12:17:21.782,782,2010-09-27 13:17:21.782,2024-03-07 12:34:56.886,0,,0,I:\ROCCAwmd\Dde\HF_20100927_121611\HF_20100927_121611_1.csv                                                                     ,1,AutoEvent1          ,NoClassifier        ,0.0,0.0,8.854166666666667e-05,0.0,0.0,0.0,0.0,0.0,0.0,0.0,0.0,25357.708481571266,0.0,0.0,0.0,0.0,0.0,0.0,0.0,0.0,0.0,0.0,0.0,0.0,0.0,0.0,0.0,0.0,0.0,0.0,0.0,0.0,0.0,0.0,0.0,0.0,0,0.0,0.0,0.0,0.0,0.0,0.0,0.0,0.0,0.0,0.0,0.0,0.0,0.0,0.0,0.0,0.0,0.0,0.0,0.0,0.0,25500.0,9000.0,21000.0,30000.0,15000.0,18000.0,33000.0,-64.13328987548456,-80.79104042111298,16.657750545628417,4.0,69.41739441682458,0.0206234340840327,0.021176978848653178,1.6645761360012817e-06,0.0,1.0,-1.0,0.0,0.0,0.0,I:\ROCCAwmd\Dde\HF_20100927_121611\HF_20100927_121611_1.csv                                                                     
16,28,22180,2010-09-27 12:17:22.486,486,2010-09-27 13:17:22.486,2024-03-07 12:34:56.913,0,,0,I:\ROCCAwmd\Dde\HF_20100927_121611\HF_20100927_121611_1.csv                                                                     ,1,AutoEvent1          ,NoClassifier        ,0.0,0.0,8.854166666666667e-05,0.0,0.0,0.0,0.0,0.0,0.0,0.0,0.0,25024.212964706207,0.0,0.0,0.0,0.0,0.0,0.0,0.0,0.0,0.0,0.0,0.0,0.0,0.0,0.0,0.0,0.0,0.0,0.0,0.0,0.0,0.0,0.0,0.0,0.0,0,0.0,0.0,0.0,0.0,0.0,0.0,0.0,0.0,0.0,0.0,0.0,0.0,0.0,0.0,0.0,0.0,0.0,0.0,0.0,0.0,27000.0,10500.0,19500.0,30000.0,19500.0,13500.0,33000.0,-65.32976067899214,-80.79104042111298,15.461279742120837,4.0,-194.21063048965738,0.02021862569807177,0.02168638241967924,1.0775981443401236e-05,0.0,1.0,-1.0,0.0,0.0,0.0,I:\ROCCAwmd\Dde\HF_20100927_121611\HF_20100927_121611_1.csv                                                                     
17,29,22181,2010-09-27 12:17:22.596,596,2010-09-27 13:17:22.596,2024-03-07 12:34:56.915,0,,0,I:\ROCCAwmd\Dde\HF_20100927_121611\HF_20100927_121611_1.csv                                                                     ,1,AutoEvent1          ,NoClassifier        ,0.0,0.0,9.895833333333333e-05,0.0,0.0,0.0,0.0,0.0,0.0,0.0,0.0,25457.87133368632,0.0,0.0,0.0,0.0,0.0,0.0,0.0,0.0,0.0,0.0,0.0,0.0,0.0,0.0,0.0,0.0,0.0,0.0,0.0,0.0,0.0,0.0,0.0,0.0,0,0.0,0.0,0.0,0.0,0.0,0.0,0.0,0.0,0.0,0.0,0.0,0.0,0.0,0.0,0.0,0.0,0.0,0.0,0.0,0.0,27000.0,9000.0,21000.0,30000.0,19500.0,13500.0,33000.0,-65.50130089979756,-80.79104042111298,15.289739521315425,5.0,-76.48288468835196,0.019662870534212607,0.019861471802867646,8.76800342310181e-06,0.0,1.0,-1.0,0.0,0.0,0.0,I:\ROCCAwmd\Dde\HF_20100927_121611\HF_20100927_121611_1.csv                                                                     
18,31,22183,2010-09-27 12:17:36.959,959,2010-09-27 13:17:36.959,2024-03-07 12:34:57.537,0,,0,I:\ROCCAwmd\Dde\HF_20100927_121611\HF_20100927_121611_1.csv                                                                     ,1,AutoEvent1          ,NoClassifier        ,0.0,0.0,7.291666666666667e-05,0.0,0.0,0.0,0.0,0.0,0.0,0.0,0.0,25326.241534864712,0.0,0.0,0.0,0.0,0.0,0.0,0.0,0.0,0.0,0.0,0.0,0.0,0.0,0.0,0.0,0.0,0.0,0.0,0.0,0.0,0.0,0.0,0.0,0.0,0,0.0,0.0,0.0,0.0,0.0,0.0,0.0,0.0,0.0,0.0,0.0,0.0,0.0,0.0,0.0,0.0,0.0,0.0,0.0,0.0,27000.0,13500.0,18000.0,31500.0,24000.0,13500.0,37500.0,-64.56304322998392,-81.27295983054253,16.709916600558614,4.0,-179.92957687992435,0.01915921917905207,0.019768630578012997,6.314240748387488e-06,0.0,1.0,-1.0,0.0,0.0,0.0,I:\ROCCAwmd\Dde\HF_20100927_121611\HF_20100927_121611_1.csv                                                                     
19,32,22184,2010-09-27 12:17:37.173,173,2010-09-27 13:17:37.173,2024-03-07 12:34:57.547,0,,0,I:\ROCCAwmd\Dde\HF_20100927_121611\HF_20100927_121611_1.csv                                                                     ,1,AutoEvent1          ,NoClassifier        ,0.0,0.0,8.333333333333333e-05,0.0,0.0,0.0,0.0,0.0,0.0,0.0,0.0,25199.921794382382,0.0,0.0,0.0,0.0,0.0,0.0,0.0,0.0,0.0,0.0,0.0,0.0,0.0,0.0,0.0,0.0,0.0,0.0,0.0,0.0,0.0,0.0,0.0,0.0,0,0.0,0.0,0.0,0.0,0.0,0.0,0.0,0.0,0.0,0.0,0.0,0.0,0.0,0.0,0.0,0.0,0.0,0.0,0.0,0.0,27000.0,12000.0,19500.0,31500.0,24000.0,13500.0,37500.0,-65.11607450847453,-81.27295983054253,16.156885322068007,3.0,-23.308354692470143,0.021201476391817724,0.021201476391817724,9.866304842169235e-08,0.0,1.0,-1.0,0.0,0.0,0.0,I:\ROCCAwmd\Dde\HF_20100927_121611\HF_20100927_121611_1.csv                                                                     
20,48,22200,2010-09-27 12:22:50.645,645,2010-09-27 13:22:50.645,2024-03-07 12:35:11.297,0,,0,I:\ROCCAwmd\Dde\HF_20100927_121611\HF_20100927_121611_1.csv                                                                     ,1,AutoEvent1          ,NoClassifier        ,0.0,0.0,8.854166666666667e-05,0.0,0.0,0.0,0.0,0.0,0.0,0.0,0.0,27271.319945417265,0.0,0.0,0.0,0.0,0.0,0.0,0.0,0.0,0.0,0.0,0.0,0.0,0.0,0.0,0.0,0.0,0.0,0.0,0.0,0.0,0.0,0.0,0.0,0.0,0,0.0,0.0,0.0,0.0,0.0,0.0,0.0,0.0,0.0,0.0,0.0,0.0,0.0,0.0,0.0,0.0,0.0,0.0,0.0,0.0,15000.0,7500.0,10500.0,18000.0,16500.0,4500.0,21000.0,-63.81427314211932,-81.77247755026244,17.958204408143118,9.0,183.27265686228654,0.007830256902625803,0.007934467562195355,1.1564776266480845e-05,0.0,1.0,-1.0,0.0,0.0,0.0,I:\ROCCAwmd\Dde\HF_20100927_121611\HF_20100927_121611_1.csv                                                                     
21,49,22201,2010-09-27 12:22:51.222,222,2010-09-27 13:22:51.222,2024-03-07 12:35:11.334,0,,0,I:\ROCCAwmd\Dde\HF_20100927_121611\HF_20100927_121611_1.csv                                                                     ,1,AutoEvent1          ,NoClassifier        ,0.0,0.0,3.6458333333333336e-05,0.0,0.0,0.0,0.0,0.0,0.0,0.0,0.0,32260.342905263275,0.0,0.0,0.0,0.0,0.0,0.0,0.0,0.0,0.0,0.0,0.0,0.0,0.0,0.0,0.0,0.0,0.0,0.0,0.0,0.0,0.0,0.0,0.0,0.0,0,0.0,0.0,0.0,0.0,0.0,0.0,0.0,0.0,0.0,0.0,0.0,0.0,0.0,0.0,0.0,0.0,0.0,0.0,0.0,0.0,47250.0,14250.0,37500.0,51750.0,78000.0,13500.0,91500.0,-49.64625798843397,-80.8988902222807,31.252632233846725,3.0,-1613.47943582763,0.008186557872383315,0.008186557872383315,1.5317291494029571e-06,0.0,1.0,-1.0,0.0,0.0,0.0,I:\ROCCAwmd\Dde\HF_20100927_121611\HF_20100927_121611_1.csv                                                                     
22,52,22204,2010-09-27 12:25:02.936,936,2010-09-27 13:25:02.936,2024-03-07 12:35:17.275,0,,0,I:\ROCCAwmd\Dde\HF_20100927_121611\HF_20100927_121611_1.csv                                                                     ,1,AutoEvent1          ,NoClassifier        ,0.0,0.0,8.333333333333333e-05,0.0,0.0,0.0,0.0,0.0,0.0,0.0,0.0,25142.359092090046,0.0,0.0,0.0,0.0,0.0,0.0,0.0,0.0,0.0,0.0,0.0,0.0,0.0,0.0,0.0,0.0,0.0,0.0,0.0,0.0,0.0,0.0,0.0,0.0,0,0.0,0.0,0.0,0.0,0.0,0.0,0.0,0.0,0.0,0.0,0.0,0.0,0.0,0.0,0.0,0.0,0.0,0.0,0.0,0.0,25500.0,9000.0,21000.0,30000.0,19500.0,13500.0,33000.0,-65.336339895653,-82.35356702647807,17.017227130825077,4.0,-174.45905930466716,0.019943401808328688,0.021653950950984803,9.082943113314831e-06,0.0,1.0,-1.0,0.0,0.0,0.0,I:\ROCCAwmd\Dde\HF_20100927_121611\HF_20100927_121611_1.csv                                                                     
23,53,22205,2010-09-27 12:25:03.564,564,2010-09-27 13:25:03.564,2024-03-07 12:35:17.293,0,,0,I:\ROCCAwmd\Dde\HF_20100927_121611\HF_20100927_121611_1.csv                                                                     ,1,AutoEvent1          ,NoClassifier        ,0.0,0.0,9.895833333333333e-05,0.0,0.0,0.0,0.0,0.0,0.0,0.0,0.0,25076.85513731147,0.0,0.0,0.0,0.0,0.0,0.0,0.0,0.0,0.0,0.0,0.0,0.0,0.0,0.0,0.0,0.0,0.0,0.0,0.0,0.0,0.0,0.0,0.0,0.0,0,0.0,0.0,0.0,0.0,0.0,0.0,0.0,0.0,0.0,0.0,0.0,0.0,0.0,0.0,0.0,0.0,0.0,0.0,0.0,0.0,25500.0,10500.0,19500.0,30000.0,19500.0,13500.0,33000.0,-65.24316718697548,-82.35356702647807,17.11039983950259,5.0,-81.59598844678803,0.020036939663031897,0.020700634491037262,5.9551090462440056e-06,0.0,1.0,-1.0,0.0,0.0,0.0,I:\ROCCAwmd\Dde\HF_20100927_121611\HF_20100927_121611_1.csv                                                                     
24,54,22206,2010-09-27 12:25:03.725,725,2010-09-27 13:25:03.725,2024-03-07 12:35:17.307,0,,0,I:\ROCCAwmd\Dde\HF_20100927_121611\HF_20100927_121611_1.csv                                                                     ,1,AutoEvent1          ,NoClassifier        ,0.0,0.0,9.375e-05,0.0,0.0,0.0,0.0,0.0,0.0,0.0,0.0,25038.06364019521,0.0,0.0,0.0,0.0,0.0,0.0,0.0,0.0,0.0,0.0,0.0,0.0,0.0,0.0,0.0,0.0,0.0,0.0,0.0,0.0,0.0,0.0,0.0,0.0,0,0.0,0.0,0.0,0.0,0.0,0.0,0.0,0.0,0.0,0.0,0.0,0.0,0.0,0.0,0.0,0.0,0.0,0.0,0.0,0.0,25500.0,10500.0,19500.0,30000.0,15000.0,18000.0,33000.0,-65.59611486913272,-82.35356702647807,16.757452157345355,5.0,-72.4422382926867,0.01969446677103478,0.020199639566518785,8.197635479730816e-06,0.0,1.0,-1.0,0.0,0.0,0.0,I:\ROCCAwmd\Dde\HF_20100927_121611\HF_20100927_121611_1.csv                                                                     
25,62,22214,2010-09-27 12:26:13.456,456,2010-09-27 13:26:13.456,2024-03-07 12:35:20.257,0,,0,I:\ROCCAwmd\Dde\HF_20100927_121611\HF_20100927_121611_2.csv                                                                     ,2,AutoEvent1          ,NoClassifier        ,0.0,0.0,8.333333333333333e-05,0.0,0.0,0.0,0.0,0.0,0.0,0.0,0.0,25102.94041746481,0.0,0.0,0.0,0.0,0.0,0.0,0.0,0.0,0.0,0.0,0.0,0.0,0.0,0.0,0.0,0.0,0.0,0.0,0.0,0.0,0.0,0.0,0.0,0.0,0,0.0,0.0,0.0,0.0,0.0,0.0,0.0,0.0,0.0,0.0,0.0,0.0,0.0,0.0,0.0,0.0,0.0,0.0,0.0,0.0,27000.0,9000.0,21000.0,30000.0,19500.0,13500.0,33000.0,-65.92042203094012,-76.90764441800351,10.987222387063397,3.0,165.16194397908484,0.020936856610312637,0.020936856610312637,4.547800528117551e-06,0.0,1.0,-1.0,0.0,0.0,0.0,I:\ROCCAwmd\Dde\HF_20100927_121611\HF_20100927_121611_2.csv                                                                     
26,63,22215,2010-09-27 12:26:13.576,576,2010-09-27 13:26:13.576,2024-03-07 12:35:20.259,0,,0,I:\ROCCAwmd\Dde\HF_20100927_121611\HF_20100927_121611_2.csv                                                                     ,2,AutoEvent1          ,NoClassifier        ,0.0,0.0,7.291666666666667e-05,0.0,0.0,0.0,0.0,0.0,0.0,0.0,0.0,25565.76394883229,0.0,0.0,0.0,0.0,0.0,0.0,0.0,0.0,0.0,0.0,0.0,0.0,0.0,0.0,0.0,0.0,0.0,0.0,0.0,0.0,0.0,0.0,0.0,0.0,0,0.0,0.0,0.0,0.0,0.0,0.0,0.0,0.0,0.0,0.0,0.0,0.0,0.0,0.0,0.0,0.0,0.0,0.0,0.0,0.0,7687.5,750.0,7312.5,8062.5,2062.5,7125.0,9187.5,-50.97243629823966,-76.90764441800351,25.935208119763857,8.0,-30.608169345077798,0.008056831741493362,0.007481436973143592,6.348638353291192e-06,0.0,1.0,-1.0,0.0,0.0,0.0,I:\ROCCAwmd\Dde\HF_20100927_121611\HF_20100927_121611_2.csv                                                                     
27,67,22219,2010-09-27 12:26:29.543,543,2010-09-27 13:26:29.543,2024-03-07 12:35:21.072,0,,0,I:\ROCCAwmd\Dde\HF_20100927_121611\HF_20100927_121611_2.csv                                                                     ,2,AutoEvent1          ,NoClassifier        ,0.0,0.0,3.6458333333333336e-05,0.0,0.0,0.0,0.0,0.0,0.0,0.0,0.0,25354.913179662413,0.0,0.0,0.0,0.0,0.0,0.0,0.0,0.0,0.0,0.0,0.0,0.0,0.0,0.0,0.0,0.0,0.0,0.0,0.0,0.0,0.0,0.0,0.0,0.0,0,0.0,0.0,0.0,0.0,0.0,0.0,0.0,0.0,0.0,0.0,0.0,0.0,0.0,0.0,0.0,0.0,0.0,0.0,0.0,0.0,48000.0,39000.0,45000.0,84000.0,51000.0,36000.0,87000.0,-64.55432891937683,-81.10962130576553,16.5552923863887,3.0,-2239.5050016623577,0.008506747876445547,0.008506747876445547,3.6137039990367972e-06,0.0,1.0,-1.0,0.0,0.0,0.0,I:\ROCCAwmd\Dde\HF_20100927_121611\HF_20100927_121611_2.csv                                                                     
28,68,22220,2010-09-27 12:26:30.023,23,2010-09-27 13:26:30.023,2024-03-07 12:35:21.086,0,,0,I:\ROCCAwmd\Dde\HF_20100927_121611\HF_20100927_121611_2.csv                                                                     ,2,AutoEvent1          ,NoClassifier        ,0.0,0.0,9.375e-05,0.0,0.0,0.0,0.0,0.0,0.0,0.0,0.0,24991.524521413074,0.0,0.0,0.0,0.0,0.0,0.0,0.0,0.0,0.0,0.0,0.0,0.0,0.0,0.0,0.0,0.0,0.0,0.0,0.0,0.0,0.0,0.0,0.0,0.0,0,0.0,0.0,0.0,0.0,0.0,0.0,0.0,0.0,0.0,0.0,0.0,0.0,0.0,0.0,0.0,0.0,0.0,0.0,0.0,0.0,25500.0,10500.0,19500.0,30000.0,22500.0,13500.0,36000.0,-64.70891844452125,-81.10962130576553,16.400702861244284,5.0,-108.69950836109852,0.019828977458983932,0.020872525015151654,6.425845547907771e-06,0.0,1.0,-1.0,0.0,0.0,0.0,I:\ROCCAwmd\Dde\HF_20100927_121611\HF_20100927_121611_2.csv                                                                     
29,76,22228,2010-09-27 12:27:05.461,461,2010-09-27 13:27:05.461,2024-03-07 12:35:22.592,0,,0,I:\ROCCAwmd\Dde\HF_20100927_121611\HF_20100927_121611_2.csv                                                                     ,2,AutoEvent1          ,NoClassifier        ,0.0,0.0,8.854166666666667e-05,0.0,0.0,0.0,0.0,0.0,0.0,0.0,0.0,24887.563357786978,0.0,0.0,0.0,0.0,0.0,0.0,0.0,0.0,0.0,0.0,0.0,0.0,0.0,0.0,0.0,0.0,0.0,0.0,0.0,0.0,0.0,0.0,0.0,0.0,0,0.0,0.0,0.0,0.0,0.0,0.0,0.0,0.0,0.0,0.0,0.0,0.0,0.0,0.0,0.0,0.0,0.0,0.0,0.0,0.0,27000.0,10500.0,19500.0,30000.0,19500.0,13500.0,33000.0,-65.7234791846968,-81.40305497840417,15.679575793707372,4.0,-74.89048539767406,0.02009578164513369,0.020391199783872903,3.555616825174513e-06,0.0,1.0,-1.0,0.0,0.0,0.0,I:\ROCCAwmd\Dde\HF_20100927_121611\HF_20100927_121611_2.csv                                                                     
30,77,22229,2010-09-27 12:27:05.691,691,2010-09-27 13:27:05.691,2024-03-07 12:35:22.612,0,,0,I:\ROCCAwmd\Dde\HF_20100927_121611\HF_20100927_121611_2.csv                                                                     ,2,AutoEvent1          ,NoClassifier        ,0.0,0.0,3.125e-05,0.0,0.0,0.0,0.0,0.0,0.0,0.0,0.0,30125.561537909,0.0,0.0,0.0,0.0,0.0,0.0,0.0,0.0,0.0,0.0,0.0,0.0,0.0,0.0,0.0,0.0,0.0,0.0,0.0,0.0,0.0,0.0,0.0,0.0,0,0.0,0.0,0.0,0.0,0.0,0.0,0.0,0.0,0.0,0.0,0.0,0.0,0.0,0.0,0.0,0.0,0.0,0.0,0.0,0.0,48000.0,15750.0,35250.0,51000.0,78750.0,14250.0,93000.0,-49.836072078412045,-81.40305497840417,31.566982899992126,2.0,0.0,0.0,0.0,0.0,0.0,1.0,-1.0,0.0,0.0,0.0,I:\ROCCAwmd\Dde\HF_20100927_121611\HF_20100927_121611_2.csv                                                                     
31,84,22236,2010-09-27 12:27:34.694,694,2010-09-27 13:27:34.694,2024-03-07 12:35:23.781,0,,0,I:\ROCCAwmd\Dde\HF_20100927_121611\HF_20100927_121611_2.csv                                                                     ,2,AutoEvent1          ,NoClassifier        ,0.0,0.0,8.854166666666667e-05,0.0,0.0,0.0,0.0,0.0,0.0,0.0,0.0,25209.016561743512,0.0,0.0,0.0,0.0,0.0,0.0,0.0,0.0,0.0,0.0,0.0,0.0,0.0,0.0,0.0,0.0,0.0,0.0,0.0,0.0,0.0,0.0,0.0,0.0,0,0.0,0.0,0.0,0.0,0.0,0.0,0.0,0.0,0.0,0.0,0.0,0.0,0.0,0.0,0.0,0.0,0.0,0.0,0.0,0.0,25500.0,9000.0,21000.0,30000.0,19500.0,13500.0,33000.0,-64.87494053525165,-80.7749032149468,15.89996267969515,4.0,-128.22399727736578,0.020056179305553753,0.02128708552493323,5.524549883942034e-06,0.0,1.0,-1.0,0.0,0.0,0.0,I:\ROCCAwmd\Dde\HF_20100927_121611\HF_20100927_121611_2.csv                                                                     
32,85,22237,2010-09-27 12:27:35.412,412,2010-09-27 13:27:35.412,2024-03-07 12:35:23.819,0,,0,I:\ROCCAwmd\Dde\HF_20100927_121611\HF_20100927_121611_2.csv                                                                     ,2,AutoEvent1          ,NoClassifier        ,0.0,0.0,8.333333333333333e-05,0.0,0.0,0.0,0.0,0.0,0.0,0.0,0.0,25386.88988990327,0.0,0.0,0.0,0.0,0.0,0.0,0.0,0.0,0.0,0.0,0.0,0.0,0.0,0.0,0.0,0.0,0.0,0.0,0.0,0.0,0.0,0.0,0.0,0.0,0,0.0,0.0,0.0,0.0,0.0,0.0,0.0,0.0,0.0,0.0,0.0,0.0,0.0,0.0,0.0,0.0,0.0,0.0,0.0,0.0,25500.0,9000.0,21000.0,30000.0,19500.0,13500.0,33000.0,-64.01733693439816,-80.7749032149468,16.757566280548644,4.0,-148.37496437062157,0.01976974503789286,0.021076751812548162,6.8712564980287425e-06,0.0,1.0,-1.0,0.0,0.0,0.0,I:\ROCCAwmd\Dde\HF_20100927_121611\HF_20100927_121611_2.csv                                                                     
33,100,22252,2010-09-27 12:28:50.911,911,2010-09-27 13:28:50.911,2024-03-07 12:35:27.246,0,,0,I:\ROCCAwmd\Dde\HF_20100927_121611\HF_20100927_121611_6.csv                                                                     ,6,AutoEvent1          ,NoClassifier        ,0.0,0.0,9.895833333333333e-05,0.0,0.0,0.0,0.0,0.0,0.0,0.0,0.0,24978.270848184467,0.0,0.0,0.0,0.0,0.0,0.0,0.0,0.0,0.0,0.0,0.0,0.0,0.0,0.0,0.0,0.0,0.0,0.0,0.0,0.0,0.0,0.0,0.0,0.0,0,0.0,0.0,0.0,0.0,0.0,0.0,0.0,0.0,0.0,0.0,0.0,0.0,0.0,0.0,0.0,0.0,0.0,0.0,0.0,0.0,25500.0,10500.0,19500.0,30000.0,15000.0,18000.0,33000.0,-63.66311601802116,-81.58240944769523,17.91929342967407,5.0,-41.71357450017756,0.020024930228964493,0.020523824709017202,3.364314749444499e-06,0.0,1.0,-1.0,0.0,0.0,0.0,I:\ROCCAwmd\Dde\HF_20100927_121611\HF_20100927_121611_6.csv                                                                     
34,101,22253,2010-09-27 12:28:51.441,441,2010-09-27 13:28:51.441,2024-03-07 12:35:27.289,0,,0,I:\ROCCAwmd\Dde\HF_20100927_121611\HF_20100927_121611_6.csv                                                                     ,6,AutoEvent1          ,NoClassifier        ,0.0,0.0,8.854166666666667e-05,0.0,0.0,0.0,0.0,0.0,0.0,0.0,0.0,25093.448315826594,0.0,0.0,0.0,0.0,0.0,0.0,0.0,0.0,0.0,0.0,0.0,0.0,0.0,0.0,0.0,0.0,0.0,0.0,0.0,0.0,0.0,0.0,0.0,0.0,0,0.0,0.0,0.0,0.0,0.0,0.0,0.0,0.0,0.0,0.0,0.0,0.0,0.0,0.0,0.0,0.0,0.0,0.0,0.0,0.0,25500.0,7500.0,22500.0,30000.0,19500.0,13500.0,33000.0,-64.70482354313579,-81.43737567603436,16.732552132898576,4.0,52.4343884875013,0.020846570937624334,0.021035005591804268,2.4095892244305905e-06,0.0,1.0,-1.0,0.0,0.0,0.0,I:\ROCCAwmd\Dde\HF_20100927_121611\HF_20100927_121611_6.csv                                                                     
35,102,22254,2010-09-27 12:28:52.046,46,2010-09-27 13:28:52.046,2024-03-07 12:35:27.308,0,,0,I:\ROCCAwmd\Dde\HF_20100927_121611\HF_20100927_121611_6.csv                                                                     ,6,AutoEvent1          ,NoClassifier        ,0.0,0.0,8.854166666666667e-05,0.0,0.0,0.0,0.0,0.0,0.0,0.0,0.0,25069.717254777075,0.0,0.0,0.0,0.0,0.0,0.0,0.0,0.0,0.0,0.0,0.0,0.0,0.0,0.0,0.0,0.0,0.0,0.0,0.0,0.0,0.0,0.0,0.0,0.0,0,0.0,0.0,0.0,0.0,0.0,0.0,0.0,0.0,0.0,0.0,0.0,0.0,0.0,0.0,0.0,0.0,0.0,0.0,0.0,0.0,25500.0,10500.0,19500.0,30000.0,15000.0,18000.0,33000.0,-62.607104745417544,-81.43737567603436,18.83027093061682,4.0,-154.92706969347668,0.0197453892500842,0.02090958309730192,8.262876075588537e-06,0.0,1.0,-1.0,0.0,0.0,0.0,I:\ROCCAwmd\Dde\HF_20100927_121611\HF_20100927_121611_6.csv                                                                     
36,103,22255,2010-09-27 12:28:52.933,933,2010-09-27 13:28:52.933,2024-03-07 12:35:27.351,0,,0,I:\ROCCAwmd\Dde\HF_20100927_121611\HF_20100927_121611_6.csv                                                                     ,6,AutoEvent1          ,NoClassifier        ,0.0,0.0,8.854166666666667e-05,0.0,0.0,0.0,0.0,0.0,0.0,0.0,0.0,25073.919267934936,0.0,0.0,0.0,0.0,0.0,0.0,0.0,0.0,0.0,0.0,0.0,0.0,0.0,0.0,0.0,0.0,0.0,0.0,0.0,0.0,0.0,0.0,0.0,0.0,0,0.0,0.0,0.0,0.0,0.0,0.0,0.0,0.0,0.0,0.0,0.0,0.0,0.0,0.0,0.0,0.0,0.0,0.0,0.0,0.0,25500.0,10500.0,19500.0,30000.0,19500.0,13500.0,33000.0,-64.10424570763688,-81.43737567603436,17.333129968397486,4.0,-157.04903331885887,0.019733329216334465,0.02068257891964268,9.697065164669361e-06,0.0,1.0,-1.0,0.0,0.0,0.0,I:\ROCCAwmd\Dde\HF_20100927_121611\HF_20100927_121611_6.csv                                                                     
37,104,22256,2010-09-27 12:28:59.350,350,2010-09-27 13:28:59.350,2024-03-07 12:35:27.657,0,,0,I:\ROCCAwmd\Dde\HF_20100927_121611\HF_20100927_121611_6.csv                                                                     ,6,AutoEvent1          ,NoClassifier        ,0.0,0.0,9.895833333333333e-05,0.0,0.0,0.0,0.0,0.0,0.0,0.0,0.0,25203.099692155924,0.0,0.0,0.0,0.0,0.0,0.0,0.0,0.0,0.0,0.0,0.0,0.0,0.0,0.0,0.0,0.0,0.0,0.0,0.0,0.0,0.0,0.0,0.0,0.0,0,0.0,0.0,0.0,0.0,0.0,0.0,0.0,0.0,0.0,0.0,0.0,0.0,0.0,0.0,0.0,0.0,0.0,0.0,0.0,0.0,25500.0,9000.0,21000.0,30000.0,19500.0,13500.0,33000.0,-64.9137688461994,-80.9909415085753,16.0771726623759,5.0,-51.10566181986399,0.019687032991088843,0.01994920808183352,6.671575640821589e-06,0.0,1.0,-1.0,0.0,0.0,0.0,I:\ROCCAwmd\Dde\HF_20100927_121611\HF_20100927_121611_6.csv                                                                     
38,105,22257,2010-09-27 12:28:59.408,408,2010-09-27 13:28:59.408,2024-03-07 12:35:27.664,0,,0,I:\ROCCAwmd\Dde\HF_20100927_121611\HF_20100927_121611_6.csv                                                                     ,6,AutoEvent1          ,NoClassifier        ,0.0,0.0,9.895833333333333e-05,0.0,0.0,0.0,0.0,0.0,0.0,0.0,0.0,25190.92973872328,0.0,0.0,0.0,0.0,0.0,0.0,0.0,0.0,0.0,0.0,0.0,0.0,0.0,0.0,0.0,0.0,0.0,0.0,0.0,0.0,0.0,0.0,0.0,0.0,0,0.0,0.0,0.0,0.0,0.0,0.0,0.0,0.0,0.0,0.0,0.0,0.0,0.0,0.0,0.0,0.0,0.0,0.0,0.0,0.0,25500.0,9000.0,21000.0,30000.0,15000.0,18000.0,33000.0,-64.32513938093916,-80.9909415085753,16.66580212763614,5.0,-63.61472633557665,0.020172272797349768,0.02095341983178365,3.2662528140650764e-06,0.0,1.0,-1.0,0.0,0.0,0.0,I:\ROCCAwmd\Dde\HF_20100927_121611\HF_20100927_121611_6.csv                                                                     
39,108,22260,2010-09-27 12:29:15.150,150,2010-09-27 13:29:15.150,2024-03-07 12:35:28.383,0,,0,I:\ROCCAwmd\Dde\HF_20100927_121611\HF_20100927_121611_6.csv                                                                     ,6,AutoEvent1          ,NoClassifier        ,0.0,0.0,0.00010416666666666667,0.0,0.0,0.0,0.0,0.0,0.0,0.0,0.0,25587.261859332906,0.0,0.0,0.0,0.0,0.0,0.0,0.0,0.0,0.0,0.0,0.0,0.0,0.0,0.0,0.0,0.0,0.0,0.0,0.0,0.0,0.0,0.0,0.0,0.0,0,0.0,0.0,0.0,0.0,0.0,0.0,0.0,0.0,0.0,0.0,0.0,0.0,0.0,0.0,0.0,0.0,0.0,0.0,0.0,0.0,27000.0,7500.0,22500.0,30000.0,19500.0,13500.0,33000.0,-64.65439794679224,-82.1726543636031,17.518256416810857,5.0,-112.92114234874775,0.02025892988057788,0.021304895007572544,7.4337482904984375e-06,0.0,1.0,-1.0,0.0,0.0,0.0,I:\ROCCAwmd\Dde\HF_20100927_121611\HF_20100927_121611_6.csv                                                                     
40,110,22262,2010-09-27 12:29:16.040,40,2010-09-27 13:29:16.040,2024-03-07 12:35:28.423,0,,0,I:\ROCCAwmd\Dde\HF_20100927_121611\HF_20100927_121611_7.csv                                                                     ,7,AutoEvent1          ,NoClassifier        ,0.0,0.0,8.854166666666667e-05,0.0,0.0,0.0,0.0,0.0,0.0,0.0,0.0,25559.693712762757,0.0,0.0,0.0,0.0,0.0,0.0,0.0,0.0,0.0,0.0,0.0,0.0,0.0,0.0,0.0,0.0,0.0,0.0,0.0,0.0,0.0,0.0,0.0,0.0,0,0.0,0.0,0.0,0.0,0.0,0.0,0.0,0.0,0.0,0.0,0.0,0.0,0.0,0.0,0.0,0.0,0.0,0.0,0.0,0.0,27000.0,10500.0,21000.0,31500.0,25500.0,13500.0,39000.0,-66.2201026333486,-81.00822415039504,14.788121517046434,4.0,-119.64084738439686,0.01984211979687399,0.020521997029098328,3.672734347713493e-06,0.0,1.0,-1.0,0.0,0.0,0.0,I:\ROCCAwmd\Dde\HF_20100927_121611\HF_20100927_121611_7.csv                                                                     
41,111,22263,2010-09-27 12:29:17.016,16,2010-09-27 13:29:17.016,2024-03-07 12:35:28.461,0,,0,I:\ROCCAwmd\Dde\HF_20100927_121611\HF_20100927_121611_7.csv                                                                     ,7,AutoEvent1          ,NoClassifier        ,0.0,0.0,9.375e-05,0.0,0.0,0.0,0.0,0.0,0.0,0.0,0.0,25157.16801464751,0.0,0.0,0.0,0.0,0.0,0.0,0.0,0.0,0.0,0.0,0.0,0.0,0.0,0.0,0.0,0.0,0.0,0.0,0.0,0.0,0.0,0.0,0.0,0.0,0,0.0,0.0,0.0,0.0,0.0,0.0,0.0,0.0,0.0,0.0,0.0,0.0,0.0,0.0,0.0,0.0,0.0,0.0,0.0,0.0,27000.0,10500.0,19500.0,30000.0,19500.0,13500.0,33000.0,-64.52249275945357,-81.00822415039504,16.485731390941467,5.0,-69.4461207766961,0.019731761650548622,0.020355951214055423,6.1139356008200105e-06,0.0,1.0,-1.0,0.0,0.0,0.0,I:\ROCCAwmd\Dde\HF_20100927_121611\HF_20100927_121611_7.csv                                                                     
42,113,22265,2010-09-27 12:29:38.035,35,2010-09-27 13:29:38.035,2024-03-07 12:35:29.330,0,,0,I:\ROCCAwmd\Dde\HF_20100927_121611\HF_20100927_121611_7.csv                                                                     ,7,AutoEvent1          ,NoClassifier        ,0.0,0.0,8.854166666666667e-05,0.0,0.0,0.0,0.0,0.0,0.0,0.0,0.0,25262.93382185075,0.0,0.0,0.0,0.0,0.0,0.0,0.0,0.0,0.0,0.0,0.0,0.0,0.0,0.0,0.0,0.0,0.0,0.0,0.0,0.0,0.0,0.0,0.0,0.0,0,0.0,0.0,0.0,0.0,0.0,0.0,0.0,0.0,0.0,0.0,0.0,0.0,0.0,0.0,0.0,0.0,0.0,0.0,0.0,0.0,25500.0,10500.0,19500.0,30000.0,19500.0,13500.0,33000.0,-63.92245392355144,-81.40363576616389,17.48118184261245,4.0,-142.2966449942699,0.02007343779922224,0.02152580291409023,6.378881231747767e-06,0.0,1.0,-1.0,0.0,0.0,0.0,I:\ROCCAwmd\Dde\HF_20100927_121611\HF_20100927_121611_7.csv                                                                     
43,114,22266,2010-09-27 12:29:38.748,748,2010-09-27 13:29:38.748,2024-03-07 12:35:29.350,0,,0,I:\ROCCAwmd\Dde\HF_20100927_121611\HF_20100927_121611_7.csv                                                                     ,7,AutoEvent1          ,NoClassifier        ,0.0,0.0,8.333333333333333e-05,0.0,0.0,0.0,0.0,0.0,0.0,0.0,0.0,25475.526302115853,0.0,0.0,0.0,0.0,0.0,0.0,0.0,0.0,0.0,0.0,0.0,0.0,0.0,0.0,0.0,0.0,0.0,0.0,0.0,0.0,0.0,0.0,0.0,0.0,0,0.0,0.0,0.0,0.0,0.0,0.0,0.0,0.0,0.0,0.0,0.0,0.0,0.0,0.0,0.0,0.0,0.0,0.0,0.0,0.0,25500.0,7500.0,22500.0,30000.0,19500.0,13500.0,33000.0,-63.28258988633398,-81.40363576616389,18.121045879829907,4.0,-172.16412215402377,0.01986415201781836,0.02115457383184823,1.0421386206226873e-05,0.0,1.0,-1.0,0.0,0.0,0.0,I:\ROCCAwmd\Dde\HF_20100927_121611\HF_20100927_121611_7.csv                                                                     
44,117,22269,2010-09-27 12:29:49.323,323,2010-09-27 13:29:49.323,2024-03-07 12:35:29.824,0,,0,I:\ROCCAwmd\Dde\HF_20100927_121611\HF_20100927_121611_9.csv                                                                     ,9,AutoEvent1          ,NoClassifier        ,0.0,0.0,9.375e-05,0.0,0.0,0.0,0.0,0.0,0.0,0.0,0.0,25251.44974198424,0.0,0.0,0.0,0.0,0.0,0.0,0.0,0.0,0.0,0.0,0.0,0.0,0.0,0.0,0.0,0.0,0.0,0.0,0.0,0.0,0.0,0.0,0.0,0.0,0,0.0,0.0,0.0,0.0,0.0,0.0,0.0,0.0,0.0,0.0,0.0,0.0,0.0,0.0,0.0,0.0,0.0,0.0,0.0,0.0,25500.0,9000.0,21000.0,30000.0,19500.0,13500.0,33000.0,-64.42531234532103,-81.31374047210446,16.888428126783424,4.0,-301.1827331098906,0.019551916268635047,0.0221829333170106,2.1400247795077258e-05,0.0,1.0,-1.0,0.0,0.0,0.0,I:\ROCCAwmd\Dde\HF_20100927_121611\HF_20100927_121611_9.csv                                                                     
45,118,22270,2010-09-27 12:29:49.469,469,2010-09-27 13:29:49.469,2024-03-07 12:35:29.832,0,,0,I:\ROCCAwmd\Dde\HF_20100927_121611\HF_20100927_121611_9.csv                                                                     ,9,AutoEvent1          ,NoClassifier        ,0.0,0.0,8.333333333333333e-05,0.0,0.0,0.0,0.0,0.0,0.0,0.0,0.0,25114.13361558765,0.0,0.0,0.0,0.0,0.0,0.0,0.0,0.0,0.0,0.0,0.0,0.0,0.0,0.0,0.0,0.0,0.0,0.0,0.0,0.0,0.0,0.0,0.0,0.0,0,0.0,0.0,0.0,0.0,0.0,0.0,0.0,0.0,0.0,0.0,0.0,0.0,0.0,0.0,0.0,0.0,0.0,0.0,0.0,0.0,27000.0,9000.0,21000.0,30000.0,24000.0,13500.0,37500.0,-65.9007888448177,-81.31374047210446,15.412951627286759,4.0,-195.5696669312512,0.020036435239476024,0.021715136604706253,1.0799533083778781e-05,0.0,1.0,-1.0,0.0,0.0,0.0,I:\ROCCAwmd\Dde\HF_20100927_121611\HF_20100927_121611_9.csv                                                                     
46,125,22277,2010-09-27 12:30:06.710,710,2010-09-27 13:30:06.710,2024-03-07 12:35:30.540,0,,0,I:\ROCCAwmd\Dde\HF_20100927_121611\HF_20100927_121611_11.csv                                                                    ,11,AutoEvent1          ,NoClassifier        ,0.0,0.0,8.854166666666667e-05,0.0,0.0,0.0,0.0,0.0,0.0,0.0,0.0,25084.335680499997,0.0,0.0,0.0,0.0,0.0,0.0,0.0,0.0,0.0,0.0,0.0,0.0,0.0,0.0,0.0,0.0,0.0,0.0,0.0,0.0,0.0,0.0,0.0,0.0,0,0.0,0.0,0.0,0.0,0.0,0.0,0.0,0.0,0.0,0.0,0.0,0.0,0.0,0.0,0.0,0.0,0.0,0.0,0.0,0.0,25500.0,10500.0,19500.0,30000.0,19500.0,13500.0,33000.0,-65.31813514141359,-81.44105662822739,16.122921486813794,4.0,-116.53596685071994,0.02027826960218144,0.021406591384404337,5.028770688618384e-06,0.0,1.0,-1.0,0.0,0.0,0.0,I:\ROCCAwmd\Dde\HF_20100927_121611\HF_20100927_121611_11.csv                                                                    
47,126,22278,2010-09-27 12:30:07.493,493,2010-09-27 13:30:07.493,2024-03-07 12:35:30.571,0,,0,I:\ROCCAwmd\Dde\HF_20100927_121611\HF_20100927_121611_11.csv                                                                    ,11,AutoEvent1          ,NoClassifier        ,0.0,0.0,3.6458333333333336e-05,0.0,0.0,0.0,0.0,0.0,0.0,0.0,0.0,30048.282327542187,0.0,0.0,0.0,0.0,0.0,0.0,0.0,0.0,0.0,0.0,0.0,0.0,0.0,0.0,0.0,0.0,0.0,0.0,0.0,0.0,0.0,0.0,0.0,0.0,0,0.0,0.0,0.0,0.0,0.0,0.0,0.0,0.0,0.0,0.0,0.0,0.0,0.0,0.0,0.0,0.0,0.0,0.0,0.0,0.0,40500.0,7500.0,37500.0,45000.0,85500.0,7500.0,93000.0,-60.304276482824534,-81.44105662822739,21.136780145402852,4.0,-1760.4424830161568,0.007817986838257407,0.0069217312020956046,3.5319912984139368e-06,0.0,1.0,-1.0,0.0,0.0,0.0,I:\ROCCAwmd\Dde\HF_20100927_121611\HF_20100927_121611_11.csv                                                                    
